-- Demo seed data for EventAI Agent standalone
-- Auto-loaded on first run if database is empty

INSERT INTO events (id, name, start_date, end_date, description, is_active, evaluation_criteria)
VALUES (
  'a0000000-0000-0000-0000-000000000001',
  'Demo Day AI Talent Hub 2026',
  '2026-05-15', '2026-05-16',
  'Demo Day студенческих AI-проектов AI Talent Hub ИТМО. 330 проектов, 10 залов, 2 дня.',
  true,
  '["Техническая сложность", "Практическая применимость", "Качество презентации", "Инновационность", "Командная работа"]'
) ON CONFLICT DO NOTHING;

INSERT INTO rooms (id, event_id, name, display_order) VALUES
  ('b0000000-0000-0000-0000-000000000001', 'a0000000-0000-0000-0000-000000000001', 'Зал NLP', 1),
  ('b0000000-0000-0000-0000-000000000002', 'a0000000-0000-0000-0000-000000000001', 'Зал CV', 2),
  ('b0000000-0000-0000-0000-000000000003', 'a0000000-0000-0000-0000-000000000001', 'Зал Robotics', 3)
ON CONFLICT DO NOTHING;

INSERT INTO projects (id, event_id, title, description, author, telegram_contact, tags, tech_stack) VALUES
  ('c0000000-0000-0000-0000-000000000001', 'a0000000-0000-0000-0000-000000000001',
   'ChatLaw', 'Чат-бот для юридических консультаций на основе RAG. Автоматически отвечает на типовые вопросы по Трудовому кодексу и Гражданскому кодексу РФ, используя retrieval-augmented generation с векторным поиском по базе законов. Точность ответов 87% на тестовой выборке из 500 вопросов.',
   'Иванов А.А.', '@ivanov_aa', '["NLP", "LLM", "RAG"]', '["Python", "LangChain", "FAISS"]'),

  ('c0000000-0000-0000-0000-000000000002', 'a0000000-0000-0000-0000-000000000001',
   'MedVision', 'AI-система для анализа медицинских снимков. Детекция патологий на рентгеновских снимках и КТ с точностью 94%. Использует архитектуру UNet с предобученным энкодером на ImageNet. Обучена на 50000 снимков из открытых медицинских датасетов.',
   'Петрова Б.Б.', '@petrova_bb', '["CV", "медицина", "deep learning"]', '["Python", "PyTorch", "MONAI"]'),

  ('c0000000-0000-0000-0000-000000000003', 'a0000000-0000-0000-0000-000000000001',
   'SentimentScope', 'Мультиязычная система анализа тональности отзывов в реальном времени для e-commerce. Поддерживает 12 языков, F1=0.91 на бенчмарке. REST API обрабатывает 1000 запросов/сек на одном GPU.',
   'Сидоров В.В.', '@sidorov_vv', '["NLP", "анализ тональности"]', '["Python", "Transformers", "FastAPI"]'),

  ('c0000000-0000-0000-0000-000000000004', 'a0000000-0000-0000-0000-000000000001',
   'RoboNav', 'Система автономной навигации робота в помещениях с использованием LiDAR и visual SLAM. Работает в реальном времени на Jetson Nano. Точность локализации 2 см на площади до 500 м2.',
   'Козлов Г.Г.', '@kozlov_gg', '["робототехника", "SLAM", "CV"]', '["Python", "ROS2", "PyTorch"]'),

  ('c0000000-0000-0000-0000-000000000005', 'a0000000-0000-0000-0000-000000000001',
   'DataPipe', 'ETL-платформа для потоковой обработки данных с встроенными ML-пайплайнами. В 10 раз быстрее Airflow на реальных нагрузках. Поддержка CDC и exactly-once semantics. Интеграция с Kafka, Spark, ClickHouse.',
   'Новикова Д.Д.', '@novikova_dd', '["ETL", "данные", "ML"]', '["Python", "Apache Kafka", "Spark"]'),

  ('c0000000-0000-0000-0000-000000000006', 'a0000000-0000-0000-0000-000000000001',
   'VoiceClone', 'Система клонирования голоса по 10-секундному образцу. Генерирует речь на русском и английском. MOS оценка 4.1/5.0. Работает на CPU за 2 секунды на предложение.',
   'Лебедев Е.Е.', '@lebedev_ee', '["NLP", "TTS", "генерация речи"]', '["Python", "PyTorch", "Coqui TTS"]'),

  ('c0000000-0000-0000-0000-000000000007', 'a0000000-0000-0000-0000-000000000001',
   'AgriVision', 'Дрон + CV для мониторинга сельхозугодий. Детекция болезней растений по аэрофото с точностью 91%. Покрытие 50 га/час. Интеграция с ГИС-системами.',
   'Кузнецова Ж.Ж.', '@kuznetsova_zh', '["CV", "дроны", "сельское хозяйство"]', '["Python", "YOLOv8", "DJI SDK"]')
ON CONFLICT DO NOTHING;

INSERT INTO schedule_slots (id, event_id, room_id, project_id, start_time, end_time, day_number) VALUES
  ('d0000000-0000-0000-0000-000000000001', 'a0000000-0000-0000-0000-000000000001', 'b0000000-0000-0000-0000-000000000001', 'c0000000-0000-0000-0000-000000000001', '2026-05-15 10:00', '2026-05-15 10:20', 1),
  ('d0000000-0000-0000-0000-000000000002', 'a0000000-0000-0000-0000-000000000001', 'b0000000-0000-0000-0000-000000000001', 'c0000000-0000-0000-0000-000000000003', '2026-05-15 10:20', '2026-05-15 10:40', 1),
  ('d0000000-0000-0000-0000-000000000003', 'a0000000-0000-0000-0000-000000000001', 'b0000000-0000-0000-0000-000000000001', 'c0000000-0000-0000-0000-000000000006', '2026-05-15 11:00', '2026-05-15 11:20', 1),
  ('d0000000-0000-0000-0000-000000000004', 'a0000000-0000-0000-0000-000000000001', 'b0000000-0000-0000-0000-000000000002', 'c0000000-0000-0000-0000-000000000002', '2026-05-15 10:00', '2026-05-15 10:20', 1),
  ('d0000000-0000-0000-0000-000000000005', 'a0000000-0000-0000-0000-000000000001', 'b0000000-0000-0000-0000-000000000002', 'c0000000-0000-0000-0000-000000000007', '2026-05-15 10:20', '2026-05-15 10:40', 1),
  ('d0000000-0000-0000-0000-000000000006', 'a0000000-0000-0000-0000-000000000001', 'b0000000-0000-0000-0000-000000000003', 'c0000000-0000-0000-0000-000000000004', '2026-05-15 10:00', '2026-05-15 10:20', 1),
  ('d0000000-0000-0000-0000-000000000007', 'a0000000-0000-0000-0000-000000000001', 'b0000000-0000-0000-0000-000000000003', 'c0000000-0000-0000-0000-000000000005', '2026-05-15 10:20', '2026-05-15 10:40', 1)
ON CONFLICT DO NOTHING;
